-- phpMyAdmin SQL Dump
-- version 4.9.0.1
-- https://www.phpmyadmin.net/
--
-- Host: localhost
-- Generation Time: Oct 22, 2019 at 10:57 AM
-- Server version: 10.3.16-MariaDB
-- PHP Version: 7.3.7

SET SQL_MODE = "NO_AUTO_VALUE_ON_ZERO";
SET AUTOCOMMIT = 0;
START TRANSACTION;
SET time_zone = "+00:00";


/*!40101 SET @OLD_CHARACTER_SET_CLIENT=@@CHARACTER_SET_CLIENT */;
/*!40101 SET @OLD_CHARACTER_SET_RESULTS=@@CHARACTER_SET_RESULTS */;
/*!40101 SET @OLD_COLLATION_CONNECTION=@@COLLATION_CONNECTION */;
/*!40101 SET NAMES utf8mb4 */;

--
-- Database: `car_park_manager`
--

-- --------------------------------------------------------

--
-- Table structure for table `car`
--

CREATE TABLE `car` (
  `id` int(11) NOT NULL,
  `make` varchar(255) COLLATE utf8_unicode_ci NOT NULL,
  `model` varchar(255) COLLATE utf8_unicode_ci NOT NULL,
  `year` int(11) NOT NULL,
  `consumption` int(11) NOT NULL,
  `km` int(11) NOT NULL,
  `lastTechInspection` datetime NOT NULL,
  `priceTechInspection` int(11) NOT NULL
) ENGINE=InnoDB DEFAULT CHARSET=utf8 COLLATE=utf8_unicode_ci;

--
-- Dumping data for table `car`
--

INSERT INTO `car` (`id`, `make`, `model`, `year`, `consumption`, `km`, `lastTechInspection`, `priceTechInspection`) VALUES
(1, 'Skoda', 'Superb', 2010, 7, 180000, '2018-11-10 00:00:00', 250),
(3, 'Renault', 'Megane V', 2016, 6, 88000, '2018-09-01 00:00:00', 200),
(5, 'Citroen', 'C5', 2016, 6, 49000, '2014-01-01 00:00:00', 180),
(7, 'Peugeot', '508', 2017, 8, 60000, '2016-01-01 00:00:00', 200),
(9, 'Opel', 'Astra', 2018, 6, 25000, '2017-01-01 00:00:00', 123),
(12, 'Mercedes', 'CLS', 2011, 14, 89000, '2014-01-01 00:00:00', 600);

-- --------------------------------------------------------

--
-- Table structure for table `costs`
--

CREATE TABLE `costs` (
  `id` int(11) NOT NULL,
  `fuelCosts` int(11) NOT NULL,
  `techInspectionCosts` int(11) NOT NULL,
  `status` varchar(255) COLLATE utf8_unicode_ci NOT NULL,
  `createdAt` datetime NOT NULL,
  `updatedAt` datetime NOT NULL,
  `payment_id` int(11) DEFAULT NULL,
  `employee_id` int(11) DEFAULT NULL
) ENGINE=InnoDB DEFAULT CHARSET=utf8 COLLATE=utf8_unicode_ci;

--
-- Dumping data for table `costs`
--

INSERT INTO `costs` (`id`, `fuelCosts`, `techInspectionCosts`, `status`, `createdAt`, `updatedAt`, `payment_id`, `employee_id`) VALUES
(118, 3522, 123, 'paid', '2019-10-18 08:36:09', '2019-10-18 08:36:09', 121, 7),
(119, 578187, 200, 'paid', '2019-10-18 08:36:09', '2019-10-18 08:36:09', 122, 9),
(120, 62984, 200, 'paid', '2019-10-18 08:36:09', '2019-10-18 08:36:09', 123, 13),
(121, 2348, 200, 'paid', '2019-10-18 08:42:27', '2019-10-18 08:42:27', 124, 1),
(122, 1761, 180, 'paid', '2019-10-18 08:42:27', '2019-10-18 08:42:27', 125, 3),
(123, 352, 200, 'paid', '2019-10-18 08:42:27', '2019-10-18 08:42:27', 126, 6),
(124, 3522, 123, 'paid', '2019-10-18 08:42:27', '2019-10-18 08:42:27', 127, 7),
(125, 578187, 200, 'paid', '2019-10-18 08:42:27', '2019-10-18 08:42:27', 128, 9),
(126, 62984, 200, 'paid', '2019-10-18 08:42:27', '2019-10-18 08:42:27', 129, 13),
(127, 2348, 200, 'paid', '2019-10-18 10:58:46', '2019-10-18 10:58:46', 130, 1),
(128, 1761, 180, 'paid', '2019-10-18 10:58:46', '2019-10-18 10:58:46', 131, 3),
(129, 352, 200, 'paid', '2019-10-18 10:58:46', '2019-10-18 10:58:46', 132, 6),
(130, 3522, 123, 'paid', '2019-10-18 10:58:46', '2019-10-18 10:58:46', 133, 7),
(131, 578187, 200, 'paid', '2019-10-18 10:58:46', '2019-10-18 10:58:46', 134, 9),
(132, 62984, 200, 'paid', '2019-10-18 10:58:46', '2019-10-18 10:58:46', 135, 13),
(133, 2348, 200, 'paid', '2019-10-21 22:51:00', '2019-10-21 22:51:00', 136, 1),
(134, 1761, 180, 'paid', '2019-10-21 22:51:01', '2019-10-21 22:51:01', 137, 3),
(135, 352, 200, 'paid', '2019-10-21 22:51:01', '2019-10-21 22:51:01', 138, 6),
(136, 3522, 123, 'paid', '2019-10-21 22:51:01', '2019-10-21 22:51:01', 139, 7),
(137, 578187, 200, 'paid', '2019-10-21 22:51:01', '2019-10-21 22:51:01', 140, 9),
(138, 62984, 200, 'paid', '2019-10-21 22:51:01', '2019-10-21 22:51:01', 141, 13);

-- --------------------------------------------------------

--
-- Table structure for table `employee`
--

CREATE TABLE `employee` (
  `id` int(11) NOT NULL,
  `firstName` varchar(255) COLLATE utf8_unicode_ci NOT NULL,
  `lastName` varchar(255) COLLATE utf8_unicode_ci NOT NULL,
  `phoneNumber` int(11) NOT NULL,
  `email` varchar(255) COLLATE utf8_unicode_ci NOT NULL,
  `kmLimit` int(11) NOT NULL,
  `car_id` int(11) DEFAULT NULL
) ENGINE=InnoDB DEFAULT CHARSET=utf8 COLLATE=utf8_unicode_ci;

--
-- Dumping data for table `employee`
--

INSERT INTO `employee` (`id`, `firstName`, `lastName`, `phoneNumber`, `email`, `kmLimit`, `car_id`) VALUES
(1, 'Andrei', 'Dracenco', 730704408, 'andreidracenco@yahoo.com', 5000, 7),
(3, 'Ion', 'Popescu', 769556688, 'ionpopescu@gmail.com', 5000, 5),
(6, 'Iliescu', 'Nicolae', 95646578, 'nicolas@gmail.com', 1000, 3),
(7, 'Corina', 'Bodron', 730512648, 'corinabodron@yahoo.com', 10000, 9),
(9, 'Nicolae', 'Grigorescu', 739546541, 'nicolae@gmail.com', 1231234, 7),
(13, 'Silviua', 'Florea', 1237098809, 'florea@gmail.com', 134123, 7);

-- --------------------------------------------------------

--
-- Table structure for table `payment`
--

CREATE TABLE `payment` (
  `id` int(11) NOT NULL,
  `sum` int(11) NOT NULL,
  `created_at` datetime NOT NULL,
  `updated_at` datetime NOT NULL
) ENGINE=InnoDB DEFAULT CHARSET=utf8 COLLATE=utf8_unicode_ci;

--
-- Dumping data for table `payment`
--

INSERT INTO `payment` (`id`, `sum`, `created_at`, `updated_at`) VALUES
(1, 434, '2019-10-16 20:06:17', '2019-10-16 20:06:17'),
(2, 434, '2019-10-16 20:06:17', '2019-10-16 20:06:17'),
(3, 3645, '2019-10-16 20:06:17', '2019-10-16 20:06:17'),
(4, 434, '2019-10-17 15:49:06', '2019-10-17 15:49:06'),
(5, 434, '2019-10-17 15:49:06', '2019-10-17 15:49:06'),
(6, 3645, '2019-10-17 15:49:06', '2019-10-17 15:49:06'),
(7, 3645, '2019-10-17 15:49:06', '2019-10-17 15:49:06'),
(8, 1941, '2019-10-17 15:49:06', '2019-10-17 15:49:06'),
(9, 1941, '2019-10-17 15:55:51', '2019-10-17 15:55:51'),
(10, 434, '2019-10-17 15:56:21', '2019-10-17 15:56:21'),
(11, 3645, '2019-10-17 15:56:21', '2019-10-17 15:56:21'),
(12, 3645, '2019-10-17 15:56:21', '2019-10-17 15:56:21'),
(13, 1941, '2019-10-17 15:56:21', '2019-10-17 15:56:21'),
(14, 434, '2019-10-17 18:12:08', '2019-10-17 18:12:08'),
(15, 1941, '2019-10-17 18:12:08', '2019-10-17 18:12:08'),
(16, 552, '2019-10-17 18:12:08', '2019-10-17 18:12:08'),
(17, 3645, '2019-10-17 18:12:08', '2019-10-17 18:12:08'),
(18, 434, '2019-10-17 18:12:08', '2019-10-17 18:12:08'),
(19, 1941, '2019-10-17 18:12:08', '2019-10-17 18:12:08'),
(20, 552, '2019-10-17 18:12:08', '2019-10-17 18:12:08'),
(21, 3645, '2019-10-17 18:12:08', '2019-10-17 18:12:08'),
(22, 434, '2019-10-17 18:12:08', '2019-10-17 18:12:08'),
(23, 1941, '2019-10-17 18:12:08', '2019-10-17 18:12:08'),
(24, 552, '2019-10-17 18:12:08', '2019-10-17 18:12:08'),
(25, 3645, '2019-10-17 18:12:08', '2019-10-17 18:12:08'),
(26, 434, '2019-10-17 18:12:08', '2019-10-17 18:12:08'),
(27, 1941, '2019-10-17 18:12:08', '2019-10-17 18:12:08'),
(28, 552, '2019-10-17 18:12:08', '2019-10-17 18:12:08'),
(29, 3645, '2019-10-17 18:12:08', '2019-10-17 18:12:08'),
(30, 434, '2019-10-17 18:12:08', '2019-10-17 18:12:08'),
(31, 1941, '2019-10-17 18:12:08', '2019-10-17 18:12:08'),
(32, 552, '2019-10-17 18:12:08', '2019-10-17 18:12:08'),
(33, 3645, '2019-10-17 18:12:08', '2019-10-17 18:12:08'),
(34, 434, '2019-10-17 18:12:08', '2019-10-17 18:12:08'),
(35, 1941, '2019-10-17 18:12:08', '2019-10-17 18:12:08'),
(36, 552, '2019-10-17 18:12:08', '2019-10-17 18:12:08'),
(37, 3645, '2019-10-17 18:12:08', '2019-10-17 18:12:08'),
(38, 434, '2019-10-17 18:12:08', '2019-10-17 18:12:08'),
(39, 1941, '2019-10-17 18:12:08', '2019-10-17 18:12:08'),
(40, 552, '2019-10-17 18:12:08', '2019-10-17 18:12:08'),
(41, 3645, '2019-10-17 18:12:08', '2019-10-17 18:12:08'),
(42, 434, '2019-10-17 18:12:08', '2019-10-17 18:12:08'),
(43, 1941, '2019-10-17 18:12:08', '2019-10-17 18:12:08'),
(44, 552, '2019-10-17 18:12:08', '2019-10-17 18:12:08'),
(45, 3645, '2019-10-17 18:12:08', '2019-10-17 18:12:08'),
(46, 434, '2019-10-17 18:12:08', '2019-10-17 18:12:08'),
(47, 1941, '2019-10-17 18:12:08', '2019-10-17 18:12:08'),
(48, 552, '2019-10-17 18:12:08', '2019-10-17 18:12:08'),
(49, 3645, '2019-10-17 18:12:08', '2019-10-17 18:12:08'),
(50, 434, '2019-10-17 18:12:08', '2019-10-17 18:12:08'),
(51, 1941, '2019-10-17 18:12:08', '2019-10-17 18:12:08'),
(52, 552, '2019-10-17 18:12:08', '2019-10-17 18:12:08'),
(53, 3645, '2019-10-17 18:12:08', '2019-10-17 18:12:08'),
(54, 434, '2019-10-17 18:12:08', '2019-10-17 18:12:08'),
(55, 1941, '2019-10-17 18:12:08', '2019-10-17 18:12:08'),
(56, 552, '2019-10-17 18:12:08', '2019-10-17 18:12:08'),
(57, 3645, '2019-10-17 18:12:08', '2019-10-17 18:12:08'),
(58, 434, '2019-10-17 18:12:08', '2019-10-17 18:12:08'),
(59, 1941, '2019-10-17 18:12:08', '2019-10-17 18:12:08'),
(60, 552, '2019-10-17 18:12:08', '2019-10-17 18:12:08'),
(61, 3645, '2019-10-17 18:12:08', '2019-10-17 18:12:08'),
(62, 434, '2019-10-17 18:12:08', '2019-10-17 18:12:08'),
(63, 1941, '2019-10-17 18:12:08', '2019-10-17 18:12:08'),
(64, 552, '2019-10-17 18:12:08', '2019-10-17 18:12:08'),
(65, 3645, '2019-10-17 18:12:08', '2019-10-17 18:12:08'),
(66, 434, '2019-10-17 18:12:08', '2019-10-17 18:12:08'),
(67, 1941, '2019-10-17 18:12:08', '2019-10-17 18:12:08'),
(68, 552, '2019-10-17 18:12:08', '2019-10-17 18:12:08'),
(69, 3645, '2019-10-17 18:12:08', '2019-10-17 18:12:08'),
(70, 434, '2019-10-17 18:12:08', '2019-10-17 18:12:08'),
(71, 1941, '2019-10-17 18:12:08', '2019-10-17 18:12:08'),
(72, 552, '2019-10-17 18:12:08', '2019-10-17 18:12:08'),
(73, 3645, '2019-10-17 18:12:08', '2019-10-17 18:12:08'),
(74, 434, '2019-10-17 18:12:34', '2019-10-17 18:12:34'),
(75, 1941, '2019-10-17 18:12:34', '2019-10-17 18:12:34'),
(76, 552, '2019-10-17 18:12:34', '2019-10-17 18:12:34'),
(77, 3645, '2019-10-17 18:12:34', '2019-10-17 18:12:34'),
(78, 434, '2019-10-17 18:12:34', '2019-10-17 18:12:34'),
(79, 1941, '2019-10-17 18:12:34', '2019-10-17 18:12:34'),
(80, 552, '2019-10-17 18:12:34', '2019-10-17 18:12:34'),
(81, 3645, '2019-10-17 18:12:34', '2019-10-17 18:12:34'),
(82, 434, '2019-10-17 18:13:30', '2019-10-17 18:13:30'),
(83, 1941, '2019-10-17 18:13:30', '2019-10-17 18:13:30'),
(84, 552, '2019-10-17 18:13:30', '2019-10-17 18:13:30'),
(85, 3645, '2019-10-17 18:13:30', '2019-10-17 18:13:30'),
(86, 434, '2019-10-17 18:13:30', '2019-10-17 18:13:30'),
(87, 1941, '2019-10-17 18:13:30', '2019-10-17 18:13:30'),
(88, 552, '2019-10-17 18:13:30', '2019-10-17 18:13:30'),
(89, 3645, '2019-10-17 18:13:30', '2019-10-17 18:13:30'),
(90, 434, '2019-10-17 18:14:04', '2019-10-17 18:14:04'),
(91, 1941, '2019-10-17 18:14:04', '2019-10-17 18:14:04'),
(92, 552, '2019-10-17 18:14:04', '2019-10-17 18:14:04'),
(93, 3645, '2019-10-17 18:14:04', '2019-10-17 18:14:04'),
(94, 434, '2019-10-17 18:14:41', '2019-10-17 18:14:41'),
(95, 1941, '2019-10-17 18:14:41', '2019-10-17 18:14:41'),
(96, 552, '2019-10-17 18:14:41', '2019-10-17 18:14:41'),
(97, 3645, '2019-10-17 18:14:41', '2019-10-17 18:14:41'),
(98, 434, '2019-10-17 18:14:41', '2019-10-17 18:14:41'),
(99, 1941, '2019-10-17 18:14:41', '2019-10-17 18:14:41'),
(100, 552, '2019-10-17 18:14:41', '2019-10-17 18:14:41'),
(101, 3645, '2019-10-17 18:14:41', '2019-10-17 18:14:41'),
(102, 434, '2019-10-18 08:03:22', '2019-10-18 08:03:22'),
(103, 1941, '2019-10-18 08:03:22', '2019-10-18 08:03:22'),
(104, 552, '2019-10-18 08:03:22', '2019-10-18 08:03:22'),
(105, 3645, '2019-10-18 08:03:22', '2019-10-18 08:03:22'),
(106, 2548, '2019-10-18 08:25:17', '2019-10-18 08:25:17'),
(107, 1941, '2019-10-18 08:25:17', '2019-10-18 08:25:17'),
(108, 552, '2019-10-18 08:25:17', '2019-10-18 08:25:17'),
(109, 3645, '2019-10-18 08:25:17', '2019-10-18 08:25:17'),
(110, 578387, '2019-10-18 08:25:17', '2019-10-18 08:25:17'),
(111, 63184, '2019-10-18 08:25:17', '2019-10-18 08:25:17'),
(112, 2548, '2019-10-18 08:36:51', '2019-10-18 08:36:51'),
(113, 1941, '2019-10-18 08:36:51', '2019-10-18 08:36:51'),
(114, 552, '2019-10-18 08:36:51', '2019-10-18 08:36:51'),
(115, 3645, '2019-10-18 08:36:51', '2019-10-18 08:36:51'),
(116, 578387, '2019-10-18 08:36:51', '2019-10-18 08:36:51'),
(117, 63184, '2019-10-18 08:36:51', '2019-10-18 08:36:51'),
(118, 2548, '2019-10-18 08:36:51', '2019-10-18 08:36:51'),
(119, 1941, '2019-10-18 08:36:51', '2019-10-18 08:36:51'),
(120, 552, '2019-10-18 08:36:51', '2019-10-18 08:36:51'),
(121, 3645, '2019-10-18 08:36:51', '2019-10-18 08:36:51'),
(122, 578387, '2019-10-18 08:36:51', '2019-10-18 08:36:51'),
(123, 63184, '2019-10-18 08:36:51', '2019-10-18 08:36:51'),
(124, 2548, '2019-10-18 10:59:02', '2019-10-18 10:59:02'),
(125, 1941, '2019-10-18 10:59:02', '2019-10-18 10:59:02'),
(126, 552, '2019-10-18 10:59:02', '2019-10-18 10:59:02'),
(127, 3645, '2019-10-18 10:59:02', '2019-10-18 10:59:02'),
(128, 578387, '2019-10-18 10:59:02', '2019-10-18 10:59:02'),
(129, 63184, '2019-10-18 10:59:02', '2019-10-18 10:59:02'),
(130, 2548, '2019-10-18 10:59:02', '2019-10-18 10:59:02'),
(131, 1941, '2019-10-18 10:59:02', '2019-10-18 10:59:02'),
(132, 552, '2019-10-18 10:59:02', '2019-10-18 10:59:02'),
(133, 3645, '2019-10-18 10:59:02', '2019-10-18 10:59:02'),
(134, 578387, '2019-10-18 10:59:02', '2019-10-18 10:59:02'),
(135, 63184, '2019-10-18 10:59:02', '2019-10-18 10:59:02'),
(136, 2548, '2019-10-21 22:51:23', '2019-10-21 22:51:23'),
(137, 1941, '2019-10-21 22:51:23', '2019-10-21 22:51:23'),
(138, 552, '2019-10-21 22:51:23', '2019-10-21 22:51:23'),
(139, 3645, '2019-10-21 22:51:23', '2019-10-21 22:51:23'),
(140, 578387, '2019-10-21 22:51:23', '2019-10-21 22:51:23'),
(141, 63184, '2019-10-21 22:51:23', '2019-10-21 22:51:23');

--
-- Indexes for dumped tables
--

--
-- Indexes for table `car`
--
ALTER TABLE `car`
  ADD PRIMARY KEY (`id`);

--
-- Indexes for table `costs`
--
ALTER TABLE `costs`
  ADD PRIMARY KEY (`id`),
  ADD KEY `IDX_AF1D57A84C3A3BB` (`payment_id`),
  ADD KEY `IDX_AF1D57A88C03F15C` (`employee_id`);

--
-- Indexes for table `employee`
--
ALTER TABLE `employee`
  ADD PRIMARY KEY (`id`),
  ADD UNIQUE KEY `UNIQ_5D9F75A1E85E83E4` (`phoneNumber`),
  ADD UNIQUE KEY `UNIQ_5D9F75A1E7927C74` (`email`),
  ADD KEY `IDX_5D9F75A1C3C6F69F` (`car_id`);

--
-- Indexes for table `payment`
--
ALTER TABLE `payment`
  ADD PRIMARY KEY (`id`);

--
-- AUTO_INCREMENT for dumped tables
--

--
-- AUTO_INCREMENT for table `car`
--
ALTER TABLE `car`
  MODIFY `id` int(11) NOT NULL AUTO_INCREMENT, AUTO_INCREMENT=17;

--
-- AUTO_INCREMENT for table `costs`
--
ALTER TABLE `costs`
  MODIFY `id` int(11) NOT NULL AUTO_INCREMENT, AUTO_INCREMENT=139;

--
-- AUTO_INCREMENT for table `employee`
--
ALTER TABLE `employee`
  MODIFY `id` int(11) NOT NULL AUTO_INCREMENT, AUTO_INCREMENT=17;

--
-- AUTO_INCREMENT for table `payment`
--
ALTER TABLE `payment`
  MODIFY `id` int(11) NOT NULL AUTO_INCREMENT, AUTO_INCREMENT=142;

--
-- Constraints for dumped tables
--

--
-- Constraints for table `costs`
--
ALTER TABLE `costs`
  ADD CONSTRAINT `FK_AF1D57A84C3A3BB` FOREIGN KEY (`payment_id`) REFERENCES `payment` (`id`),
  ADD CONSTRAINT `FK_AF1D57A88C03F15C` FOREIGN KEY (`employee_id`) REFERENCES `employee` (`id`);

--
-- Constraints for table `employee`
--
ALTER TABLE `employee`
  ADD CONSTRAINT `FK_5D9F75A1C3C6F69F` FOREIGN KEY (`car_id`) REFERENCES `car` (`id`);
COMMIT;

/*!40101 SET CHARACTER_SET_CLIENT=@OLD_CHARACTER_SET_CLIENT */;
/*!40101 SET CHARACTER_SET_RESULTS=@OLD_CHARACTER_SET_RESULTS */;
/*!40101 SET COLLATION_CONNECTION=@OLD_COLLATION_CONNECTION */;
